"row_id","bucket","snapnum","M","_count_*_"
2695,117,0,117,2
2847,118,0,118,1
2832,119,0,119,1
1,10117,1,117,186
2,10118,1,118,83
3,10119,1,119,16
2696,10120,1,120,6
2697,10121,1,121,5
4,20117,2,117,3143
5,20118,2,118,1518
6,20119,2,119,575
7,20120,2,120,223
8,20121,2,121,87
9,20122,2,122,20
10,20123,2,123,7
2750,20124,2,124,4
11,30117,3,117,53399
12,30118,3,118,31815
13,30119,3,119,15980
14,30120,3,120,6963
15,30121,3,121,3164
16,30122,3,122,1240
17,30123,3,123,518
18,30124,3,124,151
19,30125,3,125,57
20,30126,3,126,21
2751,30127,3,127,6
2698,30128,3,128,1
21,40117,4,117,331102
22,40118,4,118,225700
23,40119,4,119,129352
24,40120,4,120,67726
25,40121,4,121,36198
26,40122,4,122,17614
27,40123,4,123,8846
28,40124,4,124,3915
29,40125,4,125,1630
30,40126,4,126,643
31,40127,4,127,220
32,40128,4,128,88
33,40129,4,129,33
2789,40130,4,130,5
2699,40131,4,131,3
34,50117,5,117,2118904
35,50118,5,118,1666923
36,50119,5,119,1128847
37,50120,5,120,708517
38,50121,5,121,454251
39,50122,5,122,270730
40,50123,5,123,166956
41,50124,5,124,96261
42,50125,5,125,51882
43,50126,5,126,27142
44,50127,5,127,13160
45,50128,5,128,6415
46,50129,5,129,2867
47,50130,5,130,1153
48,50131,5,131,465
49,50132,5,132,167
50,50133,5,133,49
2700,50134,5,134,6
2833,50135,5,135,1
51,60117,6,117,4572452
52,60118,6,118,3812049
53,60119,6,119,2756070
54,60120,6,120,1862941
55,60121,6,121,1294564
56,60122,6,122,841170
57,60123,6,123,568520
58,60124,6,124,363285
59,60125,6,125,220219
60,60126,6,126,130687
61,60127,6,127,73904
62,60128,6,128,41309
63,60129,6,129,22146
64,60130,6,130,10721
65,60131,6,131,5241
66,60132,6,132,2272
67,60133,6,133,979
68,60134,6,134,387
69,60135,6,135,113
70,60136,6,136,33
2774,60137,6,137,7
2807,60139,6,139,1
71,70117,7,117,7252564
72,70118,7,118,6250527
73,70119,7,119,4713332
74,70120,7,120,3332630
75,70121,7,121,2422953
76,70122,7,122,1664336
77,70123,7,123,1191646
78,70124,7,124,809352
79,70125,7,125,526986
80,70126,7,126,338530
81,70127,7,127,211988
82,70128,7,128,128557
83,70129,7,129,75997
84,70130,7,130,43029
85,70131,7,131,23017
86,70132,7,132,11984
87,70133,7,133,5864
88,70134,7,134,2635
89,70135,7,135,1128
90,70136,7,136,438
91,70137,7,137,143
2701,70138,7,138,38
92,70139,7,139,8
2775,70140,7,140,2
2818,70141,7,141,1
93,80117,8,117,9762345
94,80118,8,118,8607097
95,80119,8,119,6678395
96,80120,8,120,4870614
97,80121,8,121,3660872
98,80122,8,122,2600245
99,80123,8,123,1938381
100,80124,8,124,1379828
101,80125,8,125,942722
102,80126,8,126,638096
103,80127,8,127,422672
104,80128,8,128,275014
105,80129,8,129,176080
106,80130,8,130,106938
107,80131,8,131,63352
108,80132,8,132,36310
109,80133,8,133,19718
110,80134,8,134,10374
111,80135,8,135,5107
112,80136,8,136,2270
113,80137,8,137,923
114,80138,8,138,345
115,80139,8,139,119
116,80140,8,140,40
117,80141,8,141,10
2790,80142,8,142,2
118,90117,9,117,11975553
119,90118,9,118,10726078
120,90119,9,119,8476737
121,90120,9,120,6305699
122,90121,9,121,4859408
123,90122,9,122,3538187
124,90123,9,123,2714477
125,90124,9,124,1997910
126,90125,9,125,1421113
127,90126,9,126,1004699
128,90127,9,127,696511
129,90128,9,128,479250
130,90129,9,129,327481
131,90130,9,130,212922
132,90131,9,131,136841
133,90132,9,132,85034
134,90133,9,133,51074
135,90134,9,134,29720
136,90135,9,135,16555
137,90136,9,136,8606
138,90137,9,137,4354
139,90138,9,138,2036
140,90139,9,139,890
141,90140,9,140,323
142,90141,9,141,103
143,90142,9,142,43
144,90143,9,143,10
2702,90144,9,144,3
145,100117,10,117,15916147
146,100118,10,118,14918870
147,100119,10,119,12355995
148,100120,10,120,9630226
149,100121,10,121,7756160
150,100122,10,122,5924478
151,100123,10,123,4765966
152,100124,10,124,3694702
153,100125,10,125,2779468
154,100126,10,126,2092224
155,100127,10,127,1554077
156,100128,10,128,1145760
157,100129,10,129,845946
158,100130,10,130,604365
159,100131,10,131,426750
160,100132,10,132,298322
161,100133,10,133,201930
162,100134,10,134,134928
163,100135,10,135,87156
164,100136,10,136,47054
165,100137,10,137,27727
166,100138,10,138,15921
167,100139,10,139,8645
168,100140,10,140,4414
169,100141,10,141,2241
170,100142,10,142,877
171,100143,10,143,369
172,100144,10,144,136
173,100145,10,145,37
174,100146,10,146,16
2791,100147,10,147,3
175,110117,11,117,17509718
176,110118,11,118,17062626
177,110119,11,119,14541724
178,110120,11,120,11598610
179,110121,11,121,9529772
180,110122,11,122,7406829
181,110123,11,123,6086258
182,110124,11,124,4837153
183,110125,11,125,3745962
184,110126,11,126,2905133
185,110127,11,127,2228753
186,110128,11,128,1707561
187,110129,11,129,1318160
188,110130,11,130,980643
189,110131,11,131,731107
190,110132,11,132,542837
191,110133,11,133,390817
192,110134,11,134,280153
193,110135,11,135,195427
194,110136,11,136,127381
195,110137,11,137,83873
196,110138,11,138,53042
197,110139,11,139,32926
198,110140,11,140,19520
199,110141,11,141,11004
200,110142,11,142,5995
201,110143,11,143,3031
202,110144,11,144,1386
203,110145,11,145,628
204,110146,11,146,237
205,110147,11,147,79
206,110148,11,148,23
2703,110149,11,149,6
2704,110150,11,150,1
207,120117,12,117,17645396
208,120118,12,118,17361418
209,120119,12,119,14905988
210,120120,12,120,11941179
211,120121,12,121,9851745
212,120122,12,122,7687139
213,120123,12,123,6340893
214,120124,12,124,5061937
215,120125,12,125,3948130
216,120126,12,126,3085385
217,120127,12,127,2385740
218,120128,12,128,1840847
219,120129,12,129,1432668
220,120130,12,130,1079081
221,120131,12,131,809977
222,120132,12,132,611203
223,120133,12,133,445398
224,120134,12,134,324821
225,120135,12,135,230851
226,120136,12,136,159748
227,120137,12,137,107478
228,120138,12,138,70312
229,120139,12,139,45218
230,120140,12,140,27769
231,120141,12,141,16378
232,120142,12,142,9350
233,120143,12,143,4929
234,120144,12,144,2424
235,120145,12,145,1157
236,120146,12,146,489
237,120147,12,147,180
238,120148,12,148,63
239,120149,12,149,21
2752,120150,12,150,5
2753,120151,12,151,1
240,120152,12,152,1
241,130117,13,117,17624827
242,130118,13,118,17425097
243,130119,13,119,15021076
244,130120,13,120,12068913
245,130121,13,121,9972552
246,130122,13,122,7802961
247,130123,13,123,6442998
248,130124,13,124,5157773
249,130125,13,125,4030571
250,130126,13,126,3159793
251,130127,13,127,2450446
252,130128,13,128,1897469
253,130129,13,129,1481237
254,130130,13,130,1120769
255,130131,13,131,845922
256,130132,13,132,639010
257,130133,13,133,469639
258,130134,13,134,344646
259,130135,13,135,246745
260,130136,13,136,173446
261,130137,13,137,118209
262,130138,13,138,78982
263,130139,13,139,51120
264,130140,13,140,32228
265,130141,13,141,19173
266,130142,13,142,11099
267,130143,13,143,6075
268,130144,13,144,3055
269,130145,13,145,1498
270,130146,13,146,682
271,130147,13,147,219
272,130148,13,148,104
273,130149,13,149,29
274,130150,13,150,8
275,130151,13,151,2
2776,130153,13,153,1
276,140117,14,117,17598015
277,140118,14,118,17420520
278,140119,14,119,15043222
279,140120,14,120,12099120
280,140121,14,121,10007703
281,140122,14,122,7834856
282,140123,14,123,6481011
283,140124,14,124,5188618
284,140125,14,125,4060479
285,140126,14,126,3185257
286,140127,14,127,2474507
287,140128,14,128,1918058
288,140129,14,129,1499135
289,140130,14,130,1136772
290,140131,14,131,859228
291,140132,14,132,650918
292,140133,14,133,479502
293,140134,14,134,352677
294,140135,14,135,253231
295,140136,14,136,178815
296,140137,14,137,122970
297,140138,14,138,82545
298,140139,14,139,53639
299,140140,14,140,34097
300,140141,14,141,20508
301,140142,14,142,11976
302,140143,14,143,6565
303,140144,14,144,3343
304,140145,14,145,1650
305,140146,14,146,746
306,140147,14,147,270
307,140148,14,148,116
308,140149,14,149,36
2705,140150,14,150,11
2754,140151,14,151,2
2819,140153,14,153,1
309,150117,15,117,17616006
310,150118,15,118,17449639
311,150119,15,119,15074148
312,150120,15,120,12128895
313,150121,15,121,10037867
314,150122,15,122,7865538
315,150123,15,123,6513086
316,150124,15,124,5222885
317,150125,15,125,4089942
318,150126,15,126,3211748
319,150127,15,127,2497408
320,150128,15,128,1938129
321,150129,15,129,1518584
322,150130,15,130,1150988
323,150131,15,131,873806
324,150132,15,132,661816
325,150133,15,133,488554
326,150134,15,134,360771
327,150135,15,135,259195
328,150136,15,136,184647
329,150137,15,137,127248
330,150138,15,138,85804
331,150139,15,139,56310
332,150140,15,140,35831
333,150141,15,141,21816
334,150142,15,142,12749
335,150143,15,143,7096
336,150144,15,144,3628
337,150145,15,145,1839
338,150146,15,146,802
339,150147,15,147,310
340,150148,15,148,128
341,150149,15,149,45
2706,150150,15,150,13
2820,150151,15,151,2
2707,150153,15,153,1
342,160117,16,117,17667630
343,160118,16,118,17500019
344,160119,16,119,15112781
345,160120,16,120,12163916
346,160121,16,121,10077984
347,160122,16,122,7900018
348,160123,16,123,6549082
349,160124,16,124,5254024
350,160125,16,125,4118610
351,160126,16,126,3238790
352,160127,16,127,2520869
353,160128,16,128,1958397
354,160129,16,129,1536369
355,160130,16,130,1167336
356,160131,16,131,886418
357,160132,16,132,672490
358,160133,16,133,498251
359,160134,16,134,368891
360,160135,16,135,265838
361,160136,16,136,189449
362,160137,16,137,131657
363,160138,16,138,89051
364,160139,16,139,58895
365,160140,16,140,37643
366,160141,16,141,23148
367,160142,16,142,13685
368,160143,16,143,7668
369,160144,16,144,3929
370,160145,16,145,2016
371,160146,16,146,878
372,160147,16,147,347
373,160148,16,148,156
374,160149,16,149,46
375,160150,16,150,11
376,160151,16,151,4
377,160152,16,152,1
2834,160153,16,153,1
378,170117,17,117,17711442
379,170118,17,118,17545570
380,170119,17,119,15159080
381,170120,17,120,12208266
382,170121,17,121,10119067
383,170122,17,122,7938151
384,170123,17,123,6582569
385,170124,17,124,5289672
386,170125,17,125,4146656
387,170126,17,126,3264973
388,170127,17,127,2544179
389,170128,17,128,1978155
390,170129,17,129,1554693
391,170130,17,130,1182693
392,170131,17,131,899460
393,170132,17,132,683587
394,170133,17,133,507519
395,170134,17,134,376585
396,170135,17,135,272599
397,170136,17,136,194434
398,170137,17,137,135911
399,170138,17,138,92565
400,170139,17,139,61413
401,170140,17,140,39535
402,170141,17,141,24363
403,170142,17,142,14577
404,170143,17,143,8205
405,170144,17,144,4266
406,170145,17,145,2236
407,170146,17,146,963
408,170147,17,147,384
409,170148,17,148,171
410,170149,17,149,57
2755,170150,17,150,13
411,170151,17,151,5
2792,170152,17,152,1
2848,170153,17,153,1
412,180117,18,117,17750376
413,180118,18,118,17578200
414,180119,18,119,15199745
415,180120,18,120,12244218
416,180121,18,121,10153275
417,180122,18,122,7970630
418,180123,18,123,6614198
419,180124,18,124,5318307
420,180125,18,125,4173346
421,180126,18,126,3287623
422,180127,18,127,2567394
423,180128,18,128,1996923
424,180129,18,129,1570667
425,180130,18,130,1197262
426,180131,18,131,911742
427,180132,18,132,693968
428,180133,18,133,517062
429,180134,18,134,383509
430,180135,18,135,278552
431,180136,18,136,199498
432,180137,18,137,140089
433,180138,18,138,95621
434,180139,18,139,63690
435,180140,18,140,41350
436,180141,18,141,25770
437,180142,18,142,15403
438,180143,18,143,8659
439,180144,18,144,4631
440,180145,18,145,2390
441,180146,18,146,1066
442,180147,18,147,437
443,180148,18,148,178
444,180149,18,149,65
445,180150,18,150,14
2708,180151,18,151,5
2709,180152,18,152,1
2808,180153,18,153,1
446,190117,19,117,17795925
447,190118,19,118,17616010
448,190119,19,119,15239119
449,190120,19,120,12277626
450,190121,19,121,10186966
451,190122,19,122,8000096
452,190123,19,123,6643893
453,190124,19,124,5346296
454,190125,19,125,4198999
455,190126,19,126,3309934
456,190127,19,127,2588378
457,190128,19,128,2015051
458,190129,19,129,1586962
459,190130,19,130,1210793
460,190131,19,131,923728
461,190132,19,132,704677
462,190133,19,133,526273
463,190134,19,134,390706
464,190135,19,135,284734
465,190136,19,136,204325
466,190137,19,137,144100
467,190138,19,138,98794
468,190139,19,139,66127
469,190140,19,140,43142
470,190141,19,141,27020
471,190142,19,142,16275
472,190143,19,143,9275
473,190144,19,144,4935
474,190145,19,145,2572
475,190146,19,146,1181
476,190147,19,147,504
477,190148,19,148,179
478,190149,19,149,83
479,190150,19,150,22
2793,190151,19,151,3
2710,190152,19,152,1
2835,190153,19,153,1
480,200117,20,117,17837393
481,200118,20,118,17659965
482,200119,20,119,15274819
483,200120,20,120,12315243
484,200121,20,121,10220888
485,200122,20,122,8030382
486,200123,20,123,6675631
487,200124,20,124,5372551
488,200125,20,125,4225636
489,200126,20,126,3333521
490,200127,20,127,2607948
491,200128,20,128,2033313
492,200129,20,129,1602494
493,200130,20,130,1225426
494,200131,20,131,936360
495,200132,20,132,715401
496,200133,20,133,534033
497,200134,20,134,398088
498,200135,20,135,290732
499,200136,20,136,209138
500,200137,20,137,148218
501,200138,20,138,101986
502,200139,20,139,68558
503,200140,20,140,44817
504,200141,20,141,28415
505,200142,20,142,17099
506,200143,20,143,9859
507,200144,20,144,5367
508,200145,20,145,2722
509,200146,20,146,1316
510,200147,20,147,562
511,200148,20,148,200
512,200149,20,149,92
513,200150,20,150,24
2794,200151,20,151,5
2795,200152,20,152,1
2821,200153,20,153,1
514,210117,21,117,17866253
515,210118,21,118,17692875
516,210119,21,119,15305619
517,210120,21,120,12345421
518,210121,21,121,10248378
519,210122,21,122,8059117
520,210123,21,123,6702708
521,210124,21,124,5400500
522,210125,21,125,4248071
523,210126,21,126,3353653
524,210127,21,127,2627331
525,210128,21,128,2050828
526,210129,21,129,1618701
527,210130,21,130,1238245
528,210131,21,131,948020
529,210132,21,132,724800
530,210133,21,133,542658
531,210134,21,134,404970
532,210135,21,135,296827
533,210136,21,136,213995
534,210137,21,137,151784
535,210138,21,138,105108
536,210139,21,139,70916
537,210140,21,140,46853
538,210141,21,141,29401
539,210142,21,142,17961
540,210143,21,143,10522
541,210144,21,144,5683
542,210145,21,145,2949
543,210146,21,146,1445
544,210147,21,147,601
545,210148,21,148,224
546,210149,21,149,103
547,210150,21,150,26
2756,210151,21,151,4
548,210152,21,152,3
2849,210153,21,153,1
549,220117,22,117,17905760
550,220118,22,118,17723547
551,220119,22,119,15339444
552,220120,22,120,12374107
553,220121,22,121,10275942
554,220122,22,122,8085312
555,220123,22,123,6726180
556,220124,22,124,5425059
557,220125,22,125,4270624
558,220126,22,126,3374605
559,220127,22,127,2645400
560,220128,22,128,2066917
561,220129,22,129,1632975
562,220130,22,130,1251074
563,220131,22,131,958252
564,220132,22,132,734274
565,220133,22,133,550452
566,220134,22,134,411908
567,220135,22,135,302554
568,220136,22,136,218384
569,220137,22,137,155413
570,220138,22,138,108330
571,220139,22,139,73289
572,220140,22,140,48468
573,220141,22,141,30610
574,220142,22,142,18856
575,220143,22,143,11055
576,220144,22,144,6086
577,220145,22,145,3142
578,220146,22,146,1580
579,220147,22,147,657
580,220148,22,148,243
581,220149,22,149,115
582,220150,22,150,25
2711,220151,22,151,5
2809,220152,22,152,3
583,220153,22,153,1
584,230117,23,117,17936632
585,230118,23,118,17758909
586,230119,23,119,15370754
587,230120,23,120,12400801
588,230121,23,121,10303183
589,230122,23,122,8112777
590,230123,23,123,6752274
591,230124,23,124,5450177
592,230125,23,125,4292517
593,230126,23,126,3395070
594,230127,23,127,2663964
595,230128,23,128,2083366
596,230129,23,129,1646667
597,230130,23,130,1264650
598,230131,23,131,968582
599,230132,23,132,744408
600,230133,23,133,558596
601,230134,23,134,418663
602,230135,23,135,308207
603,230136,23,136,222895
604,230137,23,137,159527
605,230138,23,138,111055
606,230139,23,139,75738
607,230140,23,140,50137
608,230141,23,141,31868
609,230142,23,142,19744
610,230143,23,143,11638
611,230144,23,144,6497
612,230145,23,145,3353
613,230146,23,146,1702
614,230147,23,147,746
615,230148,23,148,271
616,230149,23,149,123
617,230150,23,150,29
618,230151,23,151,6
619,230152,23,152,3
2850,230153,23,153,1
620,240117,24,117,17968185
621,240118,24,118,17790484
622,240119,24,119,15396183
623,240120,24,120,12428421
624,240121,24,121,10328126
625,240122,24,122,8137313
626,240123,24,123,6775282
627,240124,24,124,5472746
628,240125,24,125,4313878
629,240126,24,126,3414694
630,240127,24,127,2680723
631,240128,24,128,2098595
632,240129,24,129,1660602
633,240130,24,130,1277462
634,240131,24,131,978638
635,240132,24,132,753753
636,240133,24,133,566881
637,240134,24,134,425424
638,240135,24,135,313488
639,240136,24,136,227733
640,240137,24,137,163060
641,240138,24,138,113928
642,240139,24,139,78111
643,240140,24,140,52080
644,240141,24,141,33178
645,240142,24,142,20579
646,240143,24,143,12242
647,240144,24,144,6880
648,240145,24,145,3568
649,240146,24,146,1841
650,240147,24,147,813
651,240148,24,148,315
652,240149,24,149,123
653,240150,24,150,43
2796,240151,24,151,6
2810,240152,24,152,3
2797,240153,24,153,2
654,250117,25,117,18004078
655,250118,25,118,17818527
656,250119,25,119,15426390
657,250120,25,120,12448789
658,250121,25,121,10350174
659,250122,25,122,8160450
660,250123,25,123,6797185
661,250124,25,124,5492871
662,250125,25,125,4333613
663,250126,25,126,3433875
664,250127,25,127,2695237
665,250128,25,128,2114854
666,250129,25,129,1672786
667,250130,25,130,1288882
668,250131,25,131,989481
669,250132,25,132,761721
670,250133,25,133,574775
671,250134,25,134,431413
672,250135,25,135,318961
673,250136,25,136,232282
674,250137,25,137,166519
675,250138,25,138,116981
676,250139,25,139,80350
677,250140,25,140,53733
678,250141,25,141,34320
679,250142,25,142,21474
680,250143,25,143,12856
681,250144,25,144,7228
682,250145,25,145,3805
683,250146,25,146,1971
684,250147,25,147,890
685,250148,25,148,345
686,250149,25,149,134
687,250150,25,150,51
688,250151,25,151,7
2777,250152,25,152,3
2757,250153,25,153,3
689,260117,26,117,18027616
690,260118,26,118,17843537
691,260119,26,119,15446336
692,260120,26,120,12472022
693,260121,26,121,10371974
694,260122,26,122,8180914
695,260123,26,123,6817125
696,260124,26,124,5511034
697,260125,26,125,4351831
698,260126,26,126,3452181
699,260127,26,127,2710081
700,260128,26,128,2129760
701,260129,26,129,1685770
702,260130,26,130,1299903
703,260131,26,131,999034
704,260132,26,132,770388
705,260133,26,133,581966
706,260134,26,134,438128
707,260135,26,135,324235
708,260136,26,136,236837
709,260137,26,137,169905
710,260138,26,138,119941
711,260139,26,139,82423
712,260140,26,140,55397
713,260141,26,141,35601
714,260142,26,142,22368
715,260143,26,143,13441
716,260144,26,144,7670
717,260145,26,145,4049
718,260146,26,146,2095
719,260147,26,147,959
720,260148,26,148,387
721,260149,26,149,149
722,260150,26,150,56
723,260151,26,151,10
724,260152,26,152,3
2758,260153,26,153,3
725,270117,27,117,18059174
726,270118,27,118,17866612
727,270119,27,119,15468941
728,270120,27,120,12493527
729,270121,27,121,10389634
730,270122,27,122,8203948
731,270123,27,123,6837330
732,270124,27,124,5530996
733,270125,27,125,4370946
734,270126,27,126,3469254
735,270127,27,127,2726143
736,270128,27,128,2143722
737,270129,27,129,1698400
738,270130,27,130,1311555
739,270131,27,131,1008550
740,270132,27,132,779132
741,270133,27,133,589364
742,270134,27,134,444692
743,270135,27,135,329478
744,270136,27,136,240941
745,270137,27,137,173425
746,270138,27,138,122922
747,270139,27,139,84652
748,270140,27,140,57168
749,270141,27,141,36904
750,270142,27,142,23233
751,270143,27,143,14112
752,270144,27,144,8072
753,270145,27,145,4282
754,270146,27,146,2253
755,270147,27,147,1033
756,270148,27,148,429
757,270149,27,149,168
758,270150,27,150,59
759,270151,27,151,11
760,270152,27,152,3
2712,270153,27,153,3
761,280117,28,117,18090417
762,280118,28,118,17893672
763,280119,28,119,15487416
764,280120,28,120,12509954
765,280121,28,121,10412058
766,280122,28,122,8220163
767,280123,28,123,6855361
768,280124,28,124,5551043
769,280125,28,125,4387448
770,280126,28,126,3485583
771,280127,28,127,2739309
772,280128,28,128,2157634
773,280129,28,129,1710014
774,280130,28,130,1322270
775,280131,28,131,1018273
776,280132,28,132,787501
777,280133,28,133,595841
778,280134,28,134,451165
779,280135,28,135,334590
780,280136,28,136,245031
781,280137,28,137,176870
782,280138,28,138,125660
783,280139,28,139,86949
784,280140,28,140,58660
785,280141,28,141,38126
786,280142,28,142,24193
787,280143,28,143,14682
788,280144,28,144,8498
789,280145,28,145,4514
790,280146,28,146,2395
791,280147,28,147,1128
792,280148,28,148,463
793,280149,28,149,183
794,280150,28,150,69
795,280151,28,151,12
2759,280152,28,152,3
796,280153,28,153,3
797,290117,29,117,18117018
798,290118,29,118,17915301
799,290119,29,119,15504776
800,290120,29,120,12529106
801,290121,29,121,10427271
802,290122,29,122,8237201
803,290123,29,123,6874509
804,290124,29,124,5568522
805,290125,29,125,4404295
806,290126,29,126,3500758
807,290127,29,127,2754083
808,290128,29,128,2170304
809,290129,29,129,1722271
810,290130,29,130,1331738
811,290131,29,131,1027892
812,290132,29,132,795580
813,290133,29,133,602870
814,290134,29,134,457189
815,290135,29,135,339313
816,290136,29,136,249100
817,290137,29,137,180198
818,290138,29,138,128221
819,290139,29,139,88986
820,290140,29,140,60375
821,290141,29,141,39356
822,290142,29,142,25074
823,290143,29,143,15356
824,290144,29,144,8919
825,290145,29,145,4734
826,290146,29,146,2569
827,290147,29,147,1210
828,290148,29,148,496
829,290149,29,149,210
830,290150,29,150,72
2713,290151,29,151,13
831,290152,29,152,4
2714,290153,29,153,3
832,300117,30,117,18145539
833,300118,30,118,17939191
834,300119,30,119,15520590
835,300120,30,120,12545909
836,300121,30,121,10444727
837,300122,30,122,8256724
838,300123,30,123,6893752
839,300124,30,124,5583227
840,300125,30,125,4420434
841,300126,30,126,3515650
842,300127,30,127,2767614
843,300128,30,128,2183010
844,300129,30,129,1732931
845,300130,30,130,1342380
846,300131,30,131,1036969
847,300132,30,132,802990
848,300133,30,133,609145
849,300134,30,134,463399
850,300135,30,135,344390
851,300136,30,136,253215
852,300137,30,137,183376
853,300138,30,138,131065
854,300139,30,139,91039
855,300140,30,140,62165
856,300141,30,141,40673
857,300142,30,142,25924
858,300143,30,143,16029
859,300144,30,144,9265
860,300145,30,145,5060
861,300146,30,146,2746
862,300147,30,147,1289
863,300148,30,148,539
864,300149,30,149,224
865,300150,30,150,86
866,300151,30,151,13
2715,300152,30,152,6
867,300153,30,153,3
868,310117,31,117,18168720
869,310118,31,118,17956371
870,310119,31,119,15533121
871,310120,31,120,12556815
872,310121,31,121,10461459
873,310122,31,122,8269387
874,310123,31,123,6910061
875,310124,31,124,5598310
876,310125,31,125,4436157
877,310126,31,126,3529851
878,310127,31,127,2781373
879,310128,31,128,2195992
880,310129,31,129,1743653
881,310130,31,130,1351458
882,310131,31,131,1045842
883,310132,31,132,810683
884,310133,31,133,615746
885,310134,31,134,468915
886,310135,31,135,349460
887,310136,31,136,257238
888,310137,31,137,186485
889,310138,31,138,133837
890,310139,31,139,93126
891,310140,31,140,63908
892,310141,31,141,41818
893,310142,31,142,26881
894,310143,31,143,16571
895,310144,31,144,9697
896,310145,31,145,5375
897,310146,31,146,2856
898,310147,31,147,1371
899,310148,31,148,591
900,310149,31,149,243
901,310150,31,150,95
902,310151,31,151,19
2716,310152,31,152,5
2717,310153,31,153,4
903,320117,32,117,18199207
904,320118,32,118,17973326
905,320119,32,119,15546026
906,320120,32,120,12570145
907,320121,32,121,10474117
908,320122,32,122,8286146
909,320123,32,123,6923478
910,320124,32,124,5613271
911,320125,32,125,4448552
912,320126,32,126,3543645
913,320127,32,127,2793297
914,320128,32,128,2207186
915,320129,32,129,1754348
916,320130,32,130,1360671
917,320131,32,131,1053686
918,320132,32,132,818561
919,320133,32,133,621961
920,320134,32,134,474055
921,320135,32,135,354317
922,320136,32,136,260908
923,320137,32,137,189752
924,320138,32,138,136378
925,320139,32,139,95182
926,320140,32,140,65375
927,320141,32,141,43193
928,320142,32,142,27792
929,320143,32,143,17077
930,320144,32,144,10190
931,320145,32,145,5683
932,320146,32,146,2985
933,320147,32,147,1461
934,320148,32,148,638
935,320149,32,149,265
936,320150,32,150,100
937,320151,32,151,23
938,320152,32,152,5
2778,320153,32,153,4
939,320154,32,154,1
940,330117,33,117,18222955
941,330118,33,118,17990909
942,330119,33,119,15560107
943,330120,33,120,12581930
944,330121,33,121,10488523
945,330122,33,122,8298846
946,330123,33,123,6934882
947,330124,33,124,5628453
948,330125,33,125,4463991
949,330126,33,126,3557650
950,330127,33,127,2804018
951,330128,33,128,2218791
952,330129,33,129,1763672
953,330130,33,130,1369638
954,330131,33,131,1062205
955,330132,33,132,825876
956,330133,33,133,628252
957,330134,33,134,479362
958,330135,33,135,358734
959,330136,33,136,264867
960,330137,33,137,192910
961,330138,33,138,138930
962,330139,33,139,97254
963,330140,33,140,67073
964,330141,33,141,44409
965,330142,33,142,28598
966,330143,33,143,17726
967,330144,33,144,10609
968,330145,33,145,5979
969,330146,33,146,3143
970,330147,33,147,1563
971,330148,33,148,685
972,330149,33,149,281
973,330150,33,150,111
974,330151,33,151,28
2718,330152,33,152,6
975,330153,33,153,4
2798,330154,33,154,1
976,340117,34,117,18246423
977,340118,34,118,18008634
978,340119,34,119,15569871
979,340120,34,120,12593065
980,340121,34,121,10500055
981,340122,34,122,8312244
982,340123,34,123,6948323
983,340124,34,124,5640825
984,340125,34,125,4476880
985,340126,34,126,3567669
986,340127,34,127,2816954
987,340128,34,128,2228523
988,340129,34,129,1774572
989,340130,34,130,1377870
990,340131,34,131,1070123
991,340132,34,132,832801
992,340133,34,133,634191
993,340134,34,134,484906
994,340135,34,135,363402
995,340136,34,136,268564
996,340137,34,137,196012
997,340138,34,138,141668
998,340139,34,139,99329
999,340140,34,140,68670
1000,340141,34,141,45613
1001,340142,34,142,29554
1002,340143,34,143,18367
1003,340144,34,144,11071
1004,340145,34,145,6224
1005,340146,34,146,3317
1006,340147,34,147,1661
1007,340148,34,148,735
1008,340149,34,149,318
1009,340150,34,150,118
1010,340151,34,151,31
2719,340152,34,152,8
1011,340153,34,153,4
1012,340154,34,154,1
1013,350117,35,117,18269089
1014,350118,35,118,18027627
1015,350119,35,119,15586253
1016,350120,35,120,12600318
1017,350121,35,121,10512171
1018,350122,35,122,8323527
1019,350123,35,123,6960302
1020,350124,35,124,5654303
1021,350125,35,125,4490080
1022,350126,35,126,3581079
1023,350127,35,127,2828083
1024,350128,35,128,2238468
1025,350129,35,129,1783824
1026,350130,35,130,1386432
1027,350131,35,131,1078309
1028,350132,35,132,838745
1029,350133,35,133,640156
1030,350134,35,134,490277
1031,350135,35,135,367557
1032,350136,35,136,272247
1033,350137,35,137,199209
1034,350138,35,138,143922
1035,350139,35,139,101435
1036,350140,35,140,70283
1037,350141,35,141,46759
1038,350142,35,142,30449
1039,350143,35,143,18990
1040,350144,35,144,11418
1041,350145,35,145,6541
1042,350146,35,146,3468
1043,350147,35,147,1760
1044,350148,35,148,807
1045,350149,35,149,336
1046,350150,35,150,130
1047,350151,35,151,33
1048,350152,35,152,11
2822,350153,35,153,2
2779,350154,35,154,3
1049,360117,36,117,18293864
1050,360118,36,118,18039103
1051,360119,36,119,15592849
1052,360120,36,120,12610577
1053,360121,36,121,10523417
1054,360122,36,122,8333070
1055,360123,36,123,6973278
1056,360124,36,124,5665314
1057,360125,36,125,4502220
1058,360126,36,126,3593309
1059,360127,36,127,2837911
1060,360128,36,128,2247646
1061,360129,36,129,1793648
1062,360130,36,130,1394412
1063,360131,36,131,1085118
1064,360132,36,132,846151
1065,360133,36,133,645619
1066,360134,36,134,494645
1067,360135,36,135,372112
1068,360136,36,136,275659
1069,360137,36,137,202374
1070,360138,36,138,146366
1071,360139,36,139,103432
1072,360140,36,140,71876
1073,360141,36,141,47927
1074,360142,36,142,31322
1075,360143,36,143,19668
1076,360144,36,144,11881
1077,360145,36,145,6842
1078,360146,36,146,3629
1079,360147,36,147,1879
1080,360148,36,148,862
1081,360149,36,149,354
1082,360150,36,150,138
1083,360151,36,151,39
1084,360152,36,152,12
2836,360153,36,153,2
2720,360154,36,154,3
1085,370117,37,117,18320430
1086,370118,37,118,18049816
1087,370119,37,119,15598763
1088,370120,37,120,12621291
1089,370121,37,121,10532837
1090,370122,37,122,8342779
1091,370123,37,123,6985015
1092,370124,37,124,5677136
1093,370125,37,125,4513556
1094,370126,37,126,3603713
1095,370127,37,127,2847585
1096,370128,37,128,2257579
1097,370129,37,129,1802541
1098,370130,37,130,1402234
1099,370131,37,131,1092698
1100,370132,37,132,852871
1101,370133,37,133,650942
1102,370134,37,134,499969
1103,370135,37,135,376099
1104,370136,37,136,279220
1105,370137,37,137,205464
1106,370138,37,138,148821
1107,370139,37,139,105307
1108,370140,37,140,73512
1109,370141,37,141,49166
1110,370142,37,142,32178
1111,370143,37,143,20330
1112,370144,37,144,12330
1113,370145,37,145,7132
1114,370146,37,146,3818
1115,370147,37,147,1973
1116,370148,37,148,907
1117,370149,37,149,393
1118,370150,37,150,142
1119,370151,37,151,42
1120,370152,37,152,14
2760,370153,37,153,3
1121,370154,37,154,3
1122,380117,38,117,18339099
1123,380118,38,118,18062446
1124,380119,38,119,15613902
1125,380120,38,120,12627493
1126,380121,38,121,10538306
1127,380122,38,122,8352645
1128,380123,38,123,6993585
1129,380124,38,124,5687764
1130,380125,38,125,4523642
1131,380126,38,126,3614859
1132,380127,38,127,2858151
1133,380128,38,128,2266563
1134,380129,38,129,1811811
1135,380130,38,130,1409826
1136,380131,38,131,1099371
1137,380132,38,132,859244
1138,380133,38,133,656882
1139,380134,38,134,504439
1140,380135,38,135,379990
1141,380136,38,136,283081
1142,380137,38,137,208098
1143,380138,38,138,151472
1144,380139,38,139,107303
1145,380140,38,140,74805
1146,380141,38,141,50419
1147,380142,38,142,32999
1148,380143,38,143,20986
1149,380144,38,144,12824
1150,380145,38,145,7398
1151,380146,38,146,4040
1152,380147,38,147,2059
1153,380148,38,148,959
1154,380149,38,149,416
1155,380150,38,150,156
1156,380151,38,151,50
1157,380152,38,152,13
2721,380153,38,153,4
2780,380154,38,154,3
1158,390117,39,117,18362358
1159,390118,39,118,18072765
1160,390119,39,119,15614261
1161,390120,39,120,12635314
1162,390121,39,121,10545157
1163,390122,39,122,8360427
1164,390123,39,123,7003553
1165,390124,39,124,5698677
1166,390125,39,125,4533030
1167,390126,39,126,3624615
1168,390127,39,127,2867122
1169,390128,39,128,2276460
1170,390129,39,129,1818342
1171,390130,39,130,1416859
1172,390131,39,131,1106635
1173,390132,39,132,864729
1174,390133,39,133,662054
1175,390134,39,134,509314
1176,390135,39,135,383551
1177,390136,39,136,286345
1178,390137,39,137,211168
1179,390138,39,138,153718
1180,390139,39,139,109243
1181,390140,39,140,76276
1182,390141,39,141,51573
1183,390142,39,142,33798
1184,390143,39,143,21652
1185,390144,39,144,13240
1186,390145,39,145,7686
1187,390146,39,146,4231
1188,390147,39,147,2159
1189,390148,39,148,1021
1190,390149,39,149,442
1191,390150,39,150,168
1192,390151,39,151,51
1193,390152,39,152,16
2781,390153,39,153,6
2722,390154,39,154,3
1194,400117,40,117,18385125
1195,400118,40,118,18088902
1196,400119,40,119,15624312
1197,400120,40,120,12643608
1198,400121,40,121,10549915
1199,400122,40,122,8365540
1200,400123,40,123,7013429
1201,400124,40,124,5708907
1202,400125,40,125,4542468
1203,400126,40,126,3633206
1204,400127,40,127,2876672
1205,400128,40,128,2284234
1206,400129,40,129,1826679
1207,400130,40,130,1425086
1208,400131,40,131,1112475
1209,400132,40,132,870875
1210,400133,40,133,666807
1211,400134,40,134,514050
1212,400135,40,135,387859
1213,400136,40,136,289537
1214,400137,40,137,214143
1215,400138,40,138,155805
1216,400139,40,139,111245
1217,400140,40,140,77767
1218,400141,40,141,52720
1219,400142,40,142,34689
1220,400143,40,143,22335
1221,400144,40,144,13659
1222,400145,40,145,7994
1223,400146,40,146,4453
1224,400147,40,147,2260
1225,400148,40,148,1076
1226,400149,40,149,470
1227,400150,40,150,185
1228,400151,40,151,57
1229,400152,40,152,18
1230,400153,40,153,6
1231,400154,40,154,3
1232,410117,41,117,18410360
1233,410118,41,118,18100962
1234,410119,41,119,15632369
1235,410120,41,120,12645907
1236,410121,41,121,10557262
1237,410122,41,122,8373418
1238,410123,41,123,7020361
1239,410124,41,124,5715995
1240,410125,41,125,4551563
1241,410126,41,126,3642768
1242,410127,41,127,2886264
1243,410128,41,128,2292505
1244,410129,41,129,1833913
1245,410130,41,130,1431228
1246,410131,41,131,1119787
1247,410132,41,132,876889
1248,410133,41,133,671808
1249,410134,41,134,518097
1250,410135,41,135,391679
1251,410136,41,136,293116
1252,410137,41,137,216871
1253,410138,41,138,158039
1254,410139,41,139,113052
1255,410140,41,140,79225
1256,410141,41,141,53911
1257,410142,41,142,35658
1258,410143,41,143,22918
1259,410144,41,144,14053
1260,410145,41,145,8296
1261,410146,41,146,4635
1262,410147,41,147,2411
1263,410148,41,148,1116
1264,410149,41,149,519
1265,410150,41,150,191
1266,410151,41,151,66
2723,410152,41,152,20
2782,410153,41,153,6
2761,410154,41,154,3
1267,420117,42,117,18435071
1268,420118,42,118,18116159
1269,420119,42,119,15633345
1270,420120,42,120,12651905
1271,420121,42,121,10561269
1272,420122,42,122,8381212
1273,420123,42,123,7027014
1274,420124,42,124,5727345
1275,420125,42,125,4559137
1276,420126,42,126,3652445
1277,420127,42,127,2893195
1278,420128,42,128,2300807
1279,420129,42,129,1841586
1280,420130,42,130,1438672
1281,420131,42,131,1125333
1282,420132,42,132,882589
1283,420133,42,133,676825
1284,420134,42,134,522314
1285,420135,42,135,395216
1286,420136,42,136,296482
1287,420137,42,137,219626
1288,420138,42,138,160288
1289,420139,42,139,114729
1290,420140,42,140,80507
1291,420141,42,141,54978
1292,420142,42,142,36593
1293,420143,42,143,23622
1294,420144,42,144,14466
1295,420145,42,145,8582
1296,420146,42,146,4842
1297,420147,42,147,2524
1298,420148,42,148,1168
1299,420149,42,149,554
1300,420150,42,150,209
1301,420151,42,151,68
1302,420152,42,152,24
2762,420153,42,153,6
2763,420154,42,154,3
1303,430117,43,117,18443471
1304,430118,43,118,18109793
1305,430119,43,119,15630017
1306,430120,43,120,12650222
1307,430121,43,121,10563474
1308,430122,43,122,8384668
1309,430123,43,123,7032639
1310,430124,43,124,5730940
1311,430125,43,125,4567582
1312,430126,43,126,3659366
1313,430127,43,127,2900736
1314,430128,43,128,2307667
1315,430129,43,129,1849232
1316,430130,43,130,1444414
1317,430131,43,131,1131131
1318,430132,43,132,888102
1319,430133,43,133,681778
1320,430134,43,134,526579
1321,430135,43,135,398641
1322,430136,43,136,299723
1323,430137,43,137,222346
1324,430138,43,138,162382
1325,430139,43,139,116512
1326,430140,43,140,82023
1327,430141,43,141,56052
1328,430142,43,142,37331
1329,430143,43,143,24307
1330,430144,43,144,14902
1331,430145,43,145,8938
1332,430146,43,146,5028
1333,430147,43,147,2657
1334,430148,43,148,1211
1335,430149,43,149,583
1336,430150,43,150,230
1337,430151,43,151,76
2724,430152,43,152,25
1338,430153,43,153,6
2837,430154,43,154,2
2799,430155,43,155,1
1339,440117,44,117,18495953
1340,440118,44,118,18134072
1341,440119,44,119,15647744
1342,440120,44,120,12665490
1343,440121,44,121,10581060
1344,440122,44,122,8405163
1345,440123,44,123,7047868
1346,440124,44,124,5749152
1347,440125,44,125,4584673
1348,440126,44,126,3676193
1349,440127,44,127,2919236
1350,440128,44,128,2320530
1351,440129,44,129,1863989
1352,440130,44,130,1458171
1353,440131,44,131,1143255
1354,440132,44,132,898651
1355,440133,44,133,690674
1356,440134,44,134,535040
1357,440135,44,135,405371
1358,440136,44,136,305836
1359,440137,44,137,227701
1360,440138,44,138,166662
1361,440139,44,139,120093
1362,440140,44,140,84970
1363,440141,44,141,58215
1364,440142,44,142,38827
1365,440143,44,143,25636
1366,440144,44,144,15805
1367,440145,44,145,9560
1368,440146,44,146,5436
1369,440147,44,147,2898
1370,440148,44,148,1321
1371,440149,44,149,665
1372,440150,44,150,270
1373,440151,44,151,86
1374,440152,44,152,26
2725,440153,44,153,7
2726,440154,44,154,3
2727,440155,44,155,1
1375,450117,45,117,18477894
1376,450118,45,118,18112519
1377,450119,45,119,15634953
1378,450120,45,120,12659040
1379,450121,45,121,10574997
1380,450122,45,122,8402755
1381,450123,45,123,7050578
1382,450124,45,124,5752311
1383,450125,45,125,4589408
1384,450126,45,126,3681318
1385,450127,45,127,2924349
1386,450128,45,128,2327631
1387,450129,45,129,1870118
1388,450130,45,130,1462739
1389,450131,45,131,1147647
1390,450132,45,132,903396
1391,450133,45,133,694929
1392,450134,45,134,538309
1393,450135,45,135,409061
1394,450136,45,136,308615
1395,450137,45,137,229927
1396,450138,45,138,168873
1397,450139,45,139,121791
1398,450140,45,140,86389
1399,450141,45,141,59318
1400,450142,45,142,39586
1401,450143,45,143,26282
1402,450144,45,144,16275
1403,450145,45,145,9843
1404,450146,45,146,5663
1405,450147,45,147,3011
1406,450148,45,148,1391
1407,450149,45,149,693
1408,450150,45,150,284
1409,450151,45,151,93
1410,450152,45,152,29
1411,450153,45,153,8
2764,450154,45,154,3
2728,450155,45,155,1
1412,460117,46,117,18490540
1413,460118,46,118,18119613
1414,460119,46,119,15625318
1415,460120,46,120,12655530
1416,460121,46,121,10580641
1417,460122,46,122,8406786
1418,460123,46,123,7064895
1419,460124,46,124,5762287
1420,460125,46,125,4605201
1421,460126,46,126,3695826
1422,460127,46,127,2939054
1423,460128,46,128,2341195
1424,460129,46,129,1882894
1425,460130,46,130,1474373
1426,460131,46,131,1158911
1427,460132,46,132,913044
1428,460133,46,133,703812
1429,460134,46,134,545795
1430,460135,46,135,416038
1431,460136,46,136,314507
1432,460137,46,137,234368
1433,460138,46,138,173119
1434,460139,46,139,125334
1435,460140,46,140,88944
1436,460141,46,141,61695
1437,460142,46,142,41297
1438,460143,46,143,27410
1439,460144,46,144,17219
1440,460145,46,145,10481
1441,460146,46,146,6036
1442,460147,46,147,3281
1443,460148,46,148,1549
1444,460149,46,149,779
1445,460150,46,150,299
1446,460151,46,151,117
1447,460152,46,152,31
2729,460153,46,153,13
2765,460154,46,154,3
2851,460155,46,155,1
1448,470117,47,117,18472088
1449,470118,47,118,18092811
1450,470119,47,119,15609253
1451,470120,47,120,12645582
1452,470121,47,121,10572908
1453,470122,47,122,8404118
1454,470123,47,123,7064265
1455,470124,47,124,5764980
1456,470125,47,125,4610467
1457,470126,47,126,3699063
1458,470127,47,127,2944160
1459,470128,47,128,2346261
1460,470129,47,129,1888817
1461,470130,47,130,1478917
1462,470131,47,131,1163701
1463,470132,47,132,917259
1464,470133,47,133,707665
1465,470134,47,134,549145
1466,470135,47,135,418833
1467,470136,47,136,317487
1468,470137,47,137,236478
1469,470138,47,138,175148
1470,470139,47,139,126906
1471,470140,47,140,90154
1472,470141,47,141,62918
1473,470142,47,142,42063
1474,470143,47,143,28005
1475,470144,47,144,17693
1476,470145,47,145,10721
1477,470146,47,146,6265
1478,470147,47,147,3400
1479,470148,47,148,1619
1480,470149,47,149,816
1481,470150,47,150,320
1482,470151,47,151,122
1483,470152,47,152,38
1484,470153,47,153,12
2730,470154,47,154,4
2811,470155,47,155,1
1485,480117,48,117,18474153
1486,480118,48,118,18085603
1487,480119,48,119,15603075
1488,480120,48,120,12640583
1489,480121,48,121,10574572
1490,480122,48,122,8407228
1491,480123,48,123,7074860
1492,480124,48,124,5777255
1493,480125,48,125,4620511
1494,480126,48,126,3712944
1495,480127,48,127,2958535
1496,480128,48,128,2357216
1497,480129,48,129,1900332
1498,480130,48,130,1490192
1499,480131,48,131,1173228
1500,480132,48,132,926184
1501,480133,48,133,715474
1502,480134,48,134,556484
1503,480135,48,135,425054
1504,480136,48,136,322633
1505,480137,48,137,241289
1506,480138,48,138,179115
1507,480139,48,139,130163
1508,480140,48,140,92574
1509,480141,48,141,65137
1510,480142,48,142,43802
1511,480143,48,143,29193
1512,480144,48,144,18600
1513,480145,48,145,11253
1514,480146,48,146,6734
1515,480147,48,147,3643
1516,480148,48,148,1783
1517,480149,48,149,885
1518,480150,48,150,362
1519,480151,48,151,134
1520,480152,48,152,43
1521,480153,48,153,17
2766,480154,48,154,4
2825,480155,48,155,1
1522,490117,49,117,18451215
1523,490118,49,118,18064199
1524,490119,49,119,15586472
1525,490120,49,120,12626661
1526,490121,49,121,10564227
1527,490122,49,122,8401815
1528,490123,49,123,7075108
1529,490124,49,124,5780747
1530,490125,49,125,4622684
1531,490126,49,126,3715910
1532,490127,49,127,2962170
1533,490128,49,128,2363485
1534,490129,49,129,1904568
1535,490130,49,130,1493805
1536,490131,49,131,1177563
1537,490132,49,132,930333
1538,490133,49,133,718701
1539,490134,49,134,560167
1540,490135,49,135,427695
1541,490136,49,136,324914
1542,490137,49,137,243304
1543,490138,49,138,181055
1544,490139,49,139,131803
1545,490140,49,140,93930
1546,490141,49,141,66008
1547,490142,49,142,44650
1548,490143,49,143,29754
1549,490144,49,144,19067
1550,490145,49,145,11549
1551,490146,49,146,6936
1552,490147,49,147,3782
1553,490148,49,148,1867
1554,490149,49,149,893
1555,490150,49,150,402
1556,490151,49,151,136
1557,490152,49,152,49
1558,490153,49,153,18
2767,490154,49,154,3
2800,490155,49,155,1
1559,500117,50,117,18469877
1560,500118,50,118,18057847
1561,500119,50,119,15576270
1562,500120,50,120,12620020
1563,500121,50,121,10563544
1564,500122,50,122,8405203
1565,500123,50,123,7079328
1566,500124,50,124,5787173
1567,500125,50,125,4630606
1568,500126,50,126,3723792
1569,500127,50,127,2970092
1570,500128,50,128,2372001
1571,500129,50,129,1913405
1572,500130,50,130,1501830
1573,500131,50,131,1183741
1574,500132,50,132,936491
1575,500133,50,133,724084
1576,500134,50,134,565350
1577,500135,50,135,431665
1578,500136,50,136,328953
1579,500137,50,137,246700
1580,500138,50,138,183560
1581,500139,50,139,134226
1582,500140,50,140,95859
1583,500141,50,141,67642
1584,500142,50,142,45725
1585,500143,50,143,30656
1586,500144,50,144,19674
1587,500145,50,145,12003
1588,500146,50,146,7223
1589,500147,50,147,3976
1590,500148,50,148,2007
1591,500149,50,149,949
1592,500150,50,150,431
1593,500151,50,151,158
1594,500152,50,152,51
1595,500153,50,153,19
2768,500154,50,154,4
2823,500155,50,155,2
1596,510117,51,117,18453073
1597,510118,51,118,18040576
1598,510119,51,119,15558283
1599,510120,51,120,12609312
1600,510121,51,121,10556729
1601,510122,51,122,8397955
1602,510123,51,123,7076806
1603,510124,51,124,5787329
1604,510125,51,125,4629526
1605,510126,51,126,3725346
1606,510127,51,127,2972197
1607,510128,51,128,2373017
1608,510129,51,129,1916101
1609,510130,51,130,1503459
1610,510131,51,131,1185834
1611,510132,51,132,938660
1612,510133,51,133,725675
1613,510134,51,134,566689
1614,510135,51,135,433300
1615,510136,51,136,330334
1616,510137,51,137,247775
1617,510138,51,138,184241
1618,510139,51,139,135054
1619,510140,51,140,96582
1620,510141,51,141,68008
1621,510142,51,142,46172
1622,510143,51,143,30950
1623,510144,51,144,19941
1624,510145,51,145,12180
1625,510146,51,146,7324
1626,510147,51,147,4055
1627,510148,51,148,2047
1628,510149,51,149,960
1629,510150,51,150,439
1630,510151,51,151,165
1631,510152,51,152,55
1632,510153,51,153,18
1633,510154,51,154,5
2731,510155,51,155,2
1634,520117,52,117,18478498
1635,520118,52,118,18044723
1636,520119,52,119,15551650
1637,520120,52,120,12610102
1638,520121,52,121,10554559
1639,520122,52,122,8402097
1640,520123,52,123,7082483
1641,520124,52,124,5795475
1642,520125,52,125,4639081
1643,520126,52,126,3737071
1644,520127,52,127,2981506
1645,520128,52,128,2384702
1646,520129,52,129,1924199
1647,520130,52,130,1513291
1648,520131,52,131,1193735
1649,520132,52,132,946245
1650,520133,52,133,732779
1651,520134,52,134,572311
1652,520135,52,135,438900
1653,520136,52,136,334690
1654,520137,52,137,251983
1655,520138,52,138,187552
1656,520139,52,139,138173
1657,520140,52,140,99039
1658,520141,52,141,69711
1659,520142,52,142,47789
1660,520143,52,143,32081
1661,520144,52,144,20757
1662,520145,52,145,12826
1663,520146,52,146,7710
1664,520147,52,147,4347
1665,520148,52,148,2219
1666,520149,52,149,1044
1667,520150,52,150,484
1668,520151,52,151,188
1669,520152,52,152,60
1670,520153,52,153,24
2732,520154,52,154,6
2812,520155,52,155,2
1671,530117,53,117,18475322
1672,530118,53,118,18034806
1673,530119,53,119,15537082
1674,530120,53,120,12600200
1675,530121,53,121,10549844
1676,530122,53,122,8396685
1677,530123,53,123,7084048
1678,530124,53,124,5797221
1679,530125,53,125,4644100
1680,530126,53,126,3738716
1681,530127,53,127,2985323
1682,530128,53,128,2389640
1683,530129,53,129,1928039
1684,530130,53,130,1517622
1685,530131,53,131,1198305
1686,530132,53,132,949592
1687,530133,53,133,735915
1688,530134,53,134,575535
1689,530135,53,135,441702
1690,530136,53,136,337213
1691,530137,53,137,254120
1692,530138,53,138,189199
1693,530139,53,139,139565
1694,530140,53,140,100217
1695,530141,53,141,70652
1696,530142,53,142,48652
1697,530143,53,143,32638
1698,530144,53,144,21261
1699,530145,53,145,13083
1700,530146,53,146,7890
1701,530147,53,147,4528
1702,530148,53,148,2299
1703,530149,53,149,1098
1704,530150,53,150,489
1705,530151,53,151,210
1706,530152,53,152,60
1707,530153,53,153,26
1708,530154,53,154,6
2813,530155,53,155,1
2783,530156,53,156,1
1709,540117,54,117,18481121
1710,540118,54,118,18034351
1711,540119,54,119,15531863
1712,540120,54,120,12588651
1713,540121,54,121,10547236
1714,540122,54,122,8394082
1715,540123,54,123,7083247
1716,540124,54,124,5799425
1717,540125,54,125,4648160
1718,540126,54,126,3743023
1719,540127,54,127,2989984
1720,540128,54,128,2393274
1721,540129,54,129,1932850
1722,540130,54,130,1520777
1723,540131,54,131,1202146
1724,540132,54,132,952606
1725,540133,54,133,739298
1726,540134,54,134,578563
1727,540135,54,135,443766
1728,540136,54,136,339786
1729,540137,54,137,256079
1730,540138,54,138,190972
1731,540139,54,139,140760
1732,540140,54,140,101416
1733,540141,54,141,71694
1734,540142,54,142,49322
1735,540143,54,143,33254
1736,540144,54,144,21660
1737,540145,54,145,13365
1738,540146,54,146,8103
1739,540147,54,147,4674
1740,540148,54,148,2382
1741,540149,54,149,1134
1742,540150,54,150,499
1743,540151,54,151,228
1744,540152,54,152,66
1745,540153,54,153,29
1746,540154,54,154,6
2784,540155,54,155,1
2852,540156,54,156,1
1747,550117,55,117,18486098
1748,550118,55,118,18024086
1749,550119,55,119,15523306
1750,550120,55,120,12583063
1751,550121,55,121,10541023
1752,550122,55,122,8390297
1753,550123,55,123,7081599
1754,550124,55,124,5800326
1755,550125,55,125,4647664
1756,550126,55,126,3744862
1757,550127,55,127,2992309
1758,550128,55,128,2394201
1759,550129,55,129,1934526
1760,550130,55,130,1522920
1761,550131,55,131,1203708
1762,550132,55,132,954648
1763,550133,55,133,740901
1764,550134,55,134,579594
1765,550135,55,135,445126
1766,550136,55,136,340837
1767,550137,55,137,257003
1768,550138,55,138,191862
1769,550139,55,139,141500
1770,550140,55,140,101747
1771,550141,55,141,72172
1772,550142,55,142,49765
1773,550143,55,143,33519
1774,550144,55,144,21857
1775,550145,55,145,13480
1776,550146,55,146,8224
1777,550147,55,147,4752
1778,550148,55,148,2415
1779,550149,55,149,1166
1780,550150,55,150,515
1781,550151,55,151,236
1782,550152,55,152,67
1783,550153,55,153,29
1784,550154,55,154,6
2838,550155,55,155,1
2826,550156,55,156,1
1785,560117,56,117,18515597
1786,560118,56,118,18032461
1787,560119,56,119,15521549
1788,560120,56,120,12578699
1789,560121,56,121,10539937
1790,560122,56,122,8388366
1791,560123,56,123,7082931
1792,560124,56,124,5802916
1793,560125,56,125,4653606
1794,560126,56,126,3747170
1795,560127,56,127,2994667
1796,560128,56,128,2398848
1797,560129,56,129,1939655
1798,560130,56,130,1526804
1799,560131,56,131,1206725
1800,560132,56,132,958100
1801,560133,56,133,744030
1802,560134,56,134,582325
1803,560135,56,135,447810
1804,560136,56,136,343088
1805,560137,56,137,259023
1806,560138,56,138,193508
1807,560139,56,139,142595
1808,560140,56,140,103014
1809,560141,56,141,73190
1810,560142,56,142,50381
1811,560143,56,143,34132
1812,560144,56,144,22325
1813,560145,56,145,13758
1814,560146,56,146,8402
1815,560147,56,147,4939
1816,560148,56,148,2513
1817,560149,56,149,1225
1818,560150,56,150,536
1819,560151,56,151,247
1820,560152,56,152,77
2733,560153,56,153,29
1821,560154,56,154,6
2814,560155,56,155,1
2839,560156,56,156,1
1822,570117,57,117,18520768
1823,570118,57,118,18030077
1824,570119,57,119,15518368
1825,570120,57,120,12573803
1826,570121,57,121,10535573
1827,570122,57,122,8388446
1828,570123,57,123,7082680
1829,570124,57,124,5803882
1830,570125,57,125,4653631
1831,570126,57,126,3749280
1832,570127,57,127,2996040
1833,570128,57,128,2400332
1834,570129,57,129,1942046
1835,570130,57,130,1528686
1836,570131,57,131,1207884
1837,570132,57,132,959778
1838,570133,57,133,745677
1839,570134,57,134,583634
1840,570135,57,135,448862
1841,570136,57,136,344057
1842,570137,57,137,259882
1843,570138,57,138,194411
1844,570139,57,139,143191
1845,570140,57,140,103546
1846,570141,57,141,73656
1847,570142,57,142,50614
1848,570143,57,143,34461
1849,570144,57,144,22557
1850,570145,57,145,13839
1851,570146,57,146,8542
1852,570147,57,147,4984
1853,570148,57,148,2560
1854,570149,57,149,1242
1855,570150,57,150,553
1856,570151,57,151,250
1857,570152,57,152,78
1858,570153,57,153,31
1859,570154,57,154,6
2827,570155,57,155,1
2853,570156,57,156,1
1860,580117,58,117,18549314
1861,580118,58,118,18040809
1862,580119,58,119,15519032
1863,580120,58,120,12565505
1864,580121,58,121,10532015
1865,580122,58,122,8388521
1866,580123,58,123,7081839
1867,580124,58,124,5806844
1868,580125,58,125,4656132
1869,580126,58,126,3751127
1870,580127,58,127,3001585
1871,580128,58,128,2404697
1872,580129,58,129,1945563
1873,580130,58,130,1532762
1874,580131,58,131,1211603
1875,580132,58,132,963186
1876,580133,58,133,748965
1877,580134,58,134,586243
1878,580135,58,135,451442
1879,580136,58,136,346110
1880,580137,58,137,261514
1881,580138,58,138,196343
1882,580139,58,139,144599
1883,580140,58,140,104604
1884,580141,58,141,74581
1885,580142,58,142,51392
1886,580143,58,143,35071
1887,580144,58,144,22969
1888,580145,58,145,14141
1889,580146,58,146,8752
1890,580147,58,147,5117
1891,580148,58,148,2636
1892,580149,58,149,1282
1893,580150,58,150,594
1894,580151,58,151,257
1895,580152,58,152,81
1896,580153,58,153,36
2734,580154,58,154,6
2735,580155,58,155,1
2840,580156,58,156,1
1897,590117,59,117,18558923
1898,590118,59,118,18038365
1899,590119,59,119,15512079
1900,590120,59,120,12563923
1901,590121,59,121,10527256
1902,590122,59,122,8386699
1903,590123,59,123,7081490
1904,590124,59,124,5806809
1905,590125,59,125,4655859
1906,590126,59,126,3752819
1907,590127,59,127,3003272
1908,590128,59,128,2406279
1909,590129,59,129,1946972
1910,590130,59,130,1534256
1911,590131,59,131,1213466
1912,590132,59,132,964707
1913,590133,59,133,750261
1914,590134,59,134,587360
1915,590135,59,135,452780
1916,590136,59,136,347143
1917,590137,59,137,262357
1918,590138,59,138,196971
1919,590139,59,139,145192
1920,590140,59,140,105178
1921,590141,59,141,74891
1922,590142,59,142,51811
1923,590143,59,143,35359
1924,590144,59,144,23109
1925,590145,59,145,14296
1926,590146,59,146,8842
1927,590147,59,147,5207
1928,590148,59,148,2651
1929,590149,59,149,1322
1930,590150,59,150,605
1931,590151,59,151,259
1932,590152,59,152,85
1933,590153,59,153,35
2801,590154,59,154,7
2802,590155,59,155,1
2841,590156,59,156,1
1934,600117,60,117,18588011
1935,600118,60,118,18046170
1936,600119,60,119,15510894
1937,600120,60,120,12559503
1938,600121,60,121,10526338
1939,600122,60,122,8386345
1940,600123,60,123,7083928
1941,600124,60,124,5809438
1942,600125,60,125,4659100
1943,600126,60,126,3755712
1944,600127,60,127,3006707
1945,600128,60,128,2410440
1946,600129,60,129,1951391
1947,600130,60,130,1536989
1948,600131,60,131,1216831
1949,600132,60,132,968132
1950,600133,60,133,752833
1951,600134,60,134,590247
1952,600135,60,135,454712
1953,600136,60,136,349024
1954,600137,60,137,264354
1955,600138,60,138,198451
1956,600139,60,139,146727
1957,600140,60,140,106215
1958,600141,60,141,75749
1959,600142,60,142,52563
1960,600143,60,143,35798
1961,600144,60,144,23573
1962,600145,60,145,14718
1963,600146,60,146,8955
1964,600147,60,147,5352
1965,600148,60,148,2730
1966,600149,60,149,1381
1967,600150,60,150,617
1968,600151,60,151,276
1969,600152,60,152,92
1970,600153,60,153,35
2785,600154,60,154,8
2736,600155,60,155,1
2842,600156,60,156,1
1971,610117,61,117,18593030
1972,610118,61,118,18038470
1973,610119,61,119,15505769
1974,610120,61,120,12553990
1975,610121,61,121,10520590
1976,610122,61,122,8383296
1977,610123,61,123,7082107
1978,610124,61,124,5809336
1979,610125,61,125,4660583
1980,610126,61,126,3755770
1981,610127,61,127,3007573
1982,610128,61,128,2412360
1983,610129,61,129,1952605
1984,610130,61,130,1538970
1985,610131,61,131,1217740
1986,610132,61,132,969853
1987,610133,61,133,753777
1988,610134,61,134,591704
1989,610135,61,135,455968
1990,610136,61,136,350031
1991,610137,61,137,264983
1992,610138,61,138,199118
1993,610139,61,139,147369
1994,610140,61,140,106807
1995,610141,61,141,76155
1996,610142,61,142,52839
1997,610143,61,143,36091
1998,610144,61,144,23824
1999,610145,61,145,14821
2000,610146,61,146,9054
2001,610147,61,147,5404
2002,610148,61,148,2773
2003,610149,61,149,1417
2004,610150,61,150,624
2005,610151,61,151,287
2006,610152,61,152,93
2007,610153,61,153,36
2008,610154,61,154,8
2009,610155,61,155,2
2824,610156,61,156,1
2010,620117,62,117,18625076
2011,620118,62,118,18054200
2012,620119,62,119,15505560
2013,620120,62,120,12548239
2014,620121,62,121,10518966
2015,620122,62,122,8384383
2016,620123,62,123,7081704
2017,620124,62,124,5811013
2018,620125,62,125,4662871
2019,620126,62,126,3758881
2020,620127,62,127,3011470
2021,620128,62,128,2414820
2022,620129,62,129,1956498
2023,620130,62,130,1542619
2024,620131,62,131,1221405
2025,620132,62,132,972670
2026,620133,62,133,757044
2027,620134,62,134,593968
2028,620135,62,135,458403
2029,620136,62,136,352043
2030,620137,62,137,267004
2031,620138,62,138,200655
2032,620139,62,139,148442
2033,620140,62,140,107729
2034,620141,62,141,77184
2035,620142,62,142,53642
2036,620143,62,143,36620
2037,620144,62,144,24164
2038,620145,62,145,15140
2039,620146,62,146,9300
2040,620147,62,147,5506
2041,620148,62,148,2861
2042,620149,62,149,1477
2043,620150,62,150,643
2044,620151,62,151,297
2045,620152,62,152,103
2046,620153,62,153,35
2737,620154,62,154,10
2769,620155,62,155,2
2770,620156,62,156,1
2047,630117,63,117,18629407
2048,630118,63,118,18052585
2049,630119,63,119,15497379
2050,630120,63,120,12543934
2051,630121,63,121,10512999
2052,630122,63,122,8380410
2053,630123,63,123,7082116
2054,630124,63,124,5809927
2055,630125,63,125,4663548
2056,630126,63,126,3760081
2057,630127,63,127,3012015
2058,630128,63,128,2416019
2059,630129,63,129,1958070
2060,630130,63,130,1544280
2061,630131,63,131,1222667
2062,630132,63,132,973708
2063,630133,63,133,758362
2064,630134,63,134,595059
2065,630135,63,135,459785
2066,630136,63,136,352940
2067,630137,63,137,267689
2068,630138,63,138,201329
2069,630139,63,139,149172
2070,630140,63,140,108182
2071,630141,63,141,77538
2072,630142,63,142,54015
2073,630143,63,143,36874
2074,630144,63,144,24387
2075,630145,63,145,15276
2076,630146,63,146,9403
2077,630147,63,147,5571
2078,630148,63,148,2920
2079,630149,63,149,1486
2080,630150,63,150,654
2081,630151,63,151,305
2082,630152,63,152,111
2083,630153,63,153,35
2738,630154,63,154,10
2084,630155,63,155,2
2843,630156,63,156,1
2085,640117,64,117,18666635
2086,640118,64,118,18057710
2087,640119,64,119,15492472
2088,640120,64,120,12540689
2089,640121,64,121,10509725
2090,640122,64,122,8379457
2091,640123,64,123,7081288
2092,640124,64,124,5811082
2093,640125,64,125,4665560
2094,640126,64,126,3763361
2095,640127,64,127,3014778
2096,640128,64,128,2419621
2097,640129,64,129,1960740
2098,640130,64,130,1548030
2099,640131,64,131,1225294
2100,640132,64,132,977403
2101,640133,64,133,761065
2102,640134,64,134,597113
2103,640135,64,135,461646
2104,640136,64,136,355026
2105,640137,64,137,269297
2106,640138,64,138,202834
2107,640139,64,139,150497
2108,640140,64,140,109314
2109,640141,64,141,78332
2110,640142,64,142,54692
2111,640143,64,143,37347
2112,640144,64,144,24851
2113,640145,64,145,15586
2114,640146,64,146,9584
2115,640147,64,147,5716
2116,640148,64,148,3023
2117,640149,64,149,1538
2118,640150,64,150,668
2119,640151,64,151,326
2120,640152,64,152,117
2121,640153,64,153,34
2739,640154,64,154,11
2828,640155,64,155,2
2829,640156,64,156,1
2122,650117,65,117,18674607
2123,650118,65,118,18057562
2124,650119,65,119,15487634
2125,650120,65,120,12538243
2126,650121,65,121,10501822
2127,650122,65,122,8377095
2128,650123,65,123,7080224
2129,650124,65,124,5811413
2130,650125,65,125,4665185
2131,650126,65,126,3765110
2132,650127,65,127,3015395
2133,650128,65,128,2420425
2134,650129,65,129,1962353
2135,650130,65,130,1549344
2136,650131,65,131,1226516
2137,650132,65,132,978815
2138,650133,65,133,762064
2139,650134,65,134,598086
2140,650135,65,135,462533
2141,650136,65,136,356158
2142,650137,65,137,270008
2143,650138,65,138,203417
2144,650139,65,139,151084
2145,650140,65,140,109869
2146,650141,65,141,78791
2147,650142,65,142,54932
2148,650143,65,143,37681
2149,650144,65,144,24971
2150,650145,65,145,15778
2151,650146,65,146,9681
2152,650147,65,147,5775
2153,650148,65,148,3065
2154,650149,65,149,1560
2155,650150,65,150,682
2156,650151,65,151,327
2157,650152,65,152,123
2158,650153,65,153,34
2159,650154,65,154,12
2740,650155,65,155,2
2830,650156,65,156,1
2160,660117,66,117,18705843
2161,660118,66,118,18067895
2162,660119,66,119,15486847
2163,660120,66,120,12531529
2164,660121,66,121,10502300
2165,660122,66,122,8374471
2166,660123,66,123,7080621
2167,660124,66,124,5812589
2168,660125,66,125,4667785
2169,660126,66,126,3767072
2170,660127,66,127,3019598
2171,660128,66,128,2422983
2172,660129,66,129,1965976
2173,660130,66,130,1552427
2174,660131,66,131,1229527
2175,660132,66,132,981691
2176,660133,66,133,764755
2177,660134,66,134,600831
2178,660135,66,135,464267
2179,660136,66,136,358057
2180,660137,66,137,272043
2181,660138,66,138,204788
2182,660139,66,139,152131
2183,660140,66,140,110937
2184,660141,66,141,79637
2185,660142,66,142,55646
2186,660143,66,143,38129
2187,660144,66,144,25415
2188,660145,66,145,16039
2189,660146,66,146,9876
2190,660147,66,147,5903
2191,660148,66,148,3162
2192,660149,66,149,1638
2193,660150,66,150,698
2194,660151,66,151,338
2195,660152,66,152,128
2196,660153,66,153,36
2771,660154,66,154,11
2844,660155,66,155,3
2786,660156,66,156,1
2197,670117,67,117,18709884
2198,670118,67,118,18063862
2199,670119,67,119,15477830
2200,670120,67,120,12524950
2201,670121,67,121,10499227
2202,670122,67,122,8371000
2203,670123,67,123,7078138
2204,670124,67,124,5812172
2205,670125,67,125,4667352
2206,670126,67,126,3767568
2207,670127,67,127,3020585
2208,670128,67,128,2423615
2209,670129,67,129,1966839
2210,670130,67,130,1553813
2211,670131,67,131,1230878
2212,670132,67,132,983257
2213,670133,67,133,765492
2214,670134,67,134,602233
2215,670135,67,135,465244
2216,670136,67,136,358874
2217,670137,67,137,272870
2218,670138,67,138,205380
2219,670139,67,139,152598
2220,670140,67,140,111395
2221,670141,67,141,80065
2222,670142,67,142,55904
2223,670143,67,143,38477
2224,670144,67,144,25564
2225,670145,67,145,16145
2226,670146,67,146,10017
2227,670147,67,147,5940
2228,670148,67,148,3202
2229,670149,67,149,1676
2230,670150,67,150,708
2231,670151,67,151,351
2232,670152,67,152,131
2233,670153,67,153,36
2234,670154,67,154,11
2235,670155,67,155,3
2803,670156,67,156,1
2236,680117,68,117,18744929
2237,680118,68,118,18075346
2238,680119,68,119,15474910
2239,680120,68,120,12519224
2240,680121,68,121,10494463
2241,680122,68,122,8369317
2242,680123,68,123,7077371
2243,680124,68,124,5813551
2244,680125,68,125,4670436
2245,680126,68,126,3769635
2246,680127,68,127,3022449
2247,680128,68,128,2426828
2248,680129,68,129,1970349
2249,680130,68,130,1556403
2250,680131,68,131,1234057
2251,680132,68,132,985537
2252,680133,68,133,768111
2253,680134,68,134,604229
2254,680135,68,135,467678
2255,680136,68,136,360566
2256,680137,68,137,274459
2257,680138,68,138,206439
2258,680139,68,139,153865
2259,680140,68,140,112544
2260,680141,68,141,80750
2261,680142,68,142,56634
2262,680143,68,143,38868
2263,680144,68,144,26007
2264,680145,68,145,16448
2265,680146,68,146,10214
2266,680147,68,147,6085
2267,680148,68,148,3281
2268,680149,68,149,1739
2269,680150,68,150,731
2270,680151,68,151,355
2271,680152,68,152,141
2272,680153,68,153,38
2741,680154,68,154,11
2815,680155,68,155,3
2845,680156,68,156,1
2273,690117,69,117,18760596
2274,690118,69,118,18075986
2275,690119,69,119,15468854
2276,690120,69,120,12513967
2277,690121,69,121,10489281
2278,690122,69,122,8369413
2279,690123,69,123,7076833
2280,690124,69,124,5813180
2281,690125,69,125,4670175
2282,690126,69,126,3770319
2283,690127,69,127,3023749
2284,690128,69,128,2427664
2285,690129,69,129,1971728
2286,690130,69,130,1557984
2287,690131,69,131,1235056
2288,690132,69,132,986227
2289,690133,69,133,769598
2290,690134,69,134,605744
2291,690135,69,135,468607
2292,690136,69,136,361007
2293,690137,69,137,275524
2294,690138,69,138,207121
2295,690139,69,139,154446
2296,690140,69,140,112990
2297,690141,69,141,81118
2298,690142,69,142,56962
2299,690143,69,143,39139
2300,690144,69,144,26183
2301,690145,69,145,16570
2302,690146,69,146,10288
2303,690147,69,147,6137
2304,690148,69,148,3361
2305,690149,69,149,1761
2306,690150,69,150,750
2307,690151,69,151,357
2308,690152,69,152,149
2309,690153,69,153,40
2310,690154,69,154,11
2311,690155,69,155,3
2816,690156,69,156,1
2312,700117,70,117,18790172
2313,700118,70,118,18082876
2314,700119,70,119,15464254
2315,700120,70,120,12507839
2316,700121,70,121,10485179
2317,700122,70,122,8367710
2318,700123,70,123,7075663
2319,700124,70,124,5813420
2320,700125,70,125,4671478
2321,700126,70,126,3772761
2322,700127,70,127,3025703
2323,700128,70,128,2430905
2324,700129,70,129,1974535
2325,700130,70,130,1560787
2326,700131,70,131,1237578
2327,700132,70,132,989050
2328,700133,70,133,771756
2329,700134,70,134,607747
2330,700135,70,135,470601
2331,700136,70,136,362789
2332,700137,70,137,277039
2333,700138,70,138,208423
2334,700139,70,139,155719
2335,700140,70,140,113960
2336,700141,70,141,81928
2337,700142,70,142,57571
2338,700143,70,143,39579
2339,700144,70,144,26625
2340,700145,70,145,16860
2341,700146,70,146,10516
2342,700147,70,147,6226
2343,700148,70,148,3473
2344,700149,70,149,1816
2345,700150,70,150,775
2346,700151,70,151,366
2347,700152,70,152,154
2348,700153,70,153,42
2349,700154,70,154,12
2742,700155,70,155,3
2804,700156,70,156,1
2350,710117,71,117,18793891
2351,710118,71,118,18083191
2352,710119,71,119,15454143
2353,710120,71,120,12503256
2354,710121,71,121,10479478
2355,710122,71,122,8363500
2356,710123,71,123,7073439
2357,710124,71,124,5813022
2358,710125,71,125,4671001
2359,710126,71,126,3773538
2360,710127,71,127,3026452
2361,710128,71,128,2430903
2362,710129,71,129,1976008
2363,710130,71,130,1561836
2364,710131,71,131,1239201
2365,710132,71,132,989942
2366,710133,71,133,772931
2367,710134,71,134,608687
2368,710135,71,135,471194
2369,710136,71,136,363745
2370,710137,71,137,277739
2371,710138,71,138,209097
2372,710139,71,139,156281
2373,710140,71,140,114450
2374,710141,71,141,82284
2375,710142,71,142,57876
2376,710143,71,143,39858
2377,710144,71,144,26740
2378,710145,71,145,17063
2379,710146,71,146,10559
2380,710147,71,147,6327
2381,710148,71,148,3506
2382,710149,71,149,1851
2383,710150,71,150,781
2384,710151,71,151,378
2385,710152,71,152,155
2386,710153,71,153,44
2743,710154,71,154,12
2772,710155,71,155,3
2773,710156,71,156,1
2387,720117,72,117,18838892
2388,720118,72,118,18093432
2389,720119,72,119,15453068
2390,720120,72,120,12495530
2391,720121,72,121,10476451
2392,720122,72,122,8361165
2393,720123,72,123,7072589
2394,720124,72,124,5815456
2395,720125,72,125,4671865
2396,720126,72,126,3774935
2397,720127,72,127,3029511
2398,720128,72,128,2433172
2399,720129,72,129,1978260
2400,720130,72,130,1565463
2401,720131,72,131,1241064
2402,720132,72,132,992430
2403,720133,72,133,775165
2404,720134,72,134,610917
2405,720135,72,135,472938
2406,720136,72,136,365372
2407,720137,72,137,279306
2408,720138,72,138,210368
2409,720139,72,139,157286
2410,720140,72,140,115565
2411,720141,72,141,83083
2412,720142,72,142,58402
2413,720143,72,143,40355
2414,720144,72,144,27134
2415,720145,72,145,17387
2416,720146,72,146,10700
2417,720147,72,147,6496
2418,720148,72,148,3583
2419,720149,72,149,1931
2420,720150,72,150,806
2421,720151,72,151,388
2422,720152,72,152,175
2423,720153,72,153,42
2424,720154,72,154,13
2425,720155,72,155,3
2805,720156,72,156,1
2426,730117,73,117,18848330
2427,730118,73,118,18093513
2428,730119,73,119,15443196
2429,730120,73,120,12492632
2430,730121,73,121,10470562
2431,730122,73,122,8361858
2432,730123,73,123,7069554
2433,730124,73,124,5815692
2434,730125,73,125,4670318
2435,730126,73,126,3776526
2436,730127,73,127,3030281
2437,730128,73,128,2433999
2438,730129,73,129,1979638
2439,730130,73,130,1566445
2440,730131,73,131,1242196
2441,730132,73,132,993610
2442,730133,73,133,776228
2443,730134,73,134,612041
2444,730135,73,135,473975
2445,730136,73,136,366272
2446,730137,73,137,279892
2447,730138,73,138,211037
2448,730139,73,139,157954
2449,730140,73,140,116050
2450,730141,73,141,83390
2451,730142,73,142,58750
2452,730143,73,143,40640
2453,730144,73,144,27331
2454,730145,73,145,17548
2455,730146,73,146,10788
2456,730147,73,147,6550
2457,730148,73,148,3654
2458,730149,73,149,1949
2459,730150,73,150,826
2460,730151,73,151,393
2461,730152,73,152,177
2462,730153,73,153,44
2463,730154,73,154,13
2744,730155,73,155,3
2817,730156,73,156,1
2464,740117,74,117,18878196
2465,740118,74,118,18099487
2466,740119,74,119,15439863
2467,740120,74,120,12483298
2468,740121,74,121,10464499
2469,740122,74,122,8357622
2470,740123,74,123,7067303
2471,740124,74,124,5816086
2472,740125,74,125,4671710
2473,740126,74,126,3778198
2474,740127,74,127,3031688
2475,740128,74,128,2437178
2476,740129,74,129,1981364
2477,740130,74,130,1568981
2478,740131,74,131,1244492
2479,740132,74,132,995509
2480,740133,74,133,778375
2481,740134,74,134,614096
2482,740135,74,135,475892
2483,740136,74,136,367755
2484,740137,74,137,281397
2485,740138,74,138,212290
2486,740139,74,139,158934
2487,740140,74,140,116968
2488,740141,74,141,84033
2489,740142,74,142,59450
2490,740143,74,143,41039
2491,740144,74,144,27698
2492,740145,74,145,17875
2493,740146,74,146,10983
2494,740147,74,147,6659
2495,740148,74,148,3748
2496,740149,74,149,1983
2497,740150,74,150,871
2498,740151,74,151,404
2499,740152,74,152,180
2500,740153,74,153,47
2501,740154,74,154,15
2745,740155,74,155,3
2806,740157,74,157,1
2502,750117,75,117,18884857
2503,750118,75,118,18087707
2504,750119,75,119,15426420
2505,750120,75,120,12473059
2506,750121,75,121,10456027
2507,750122,75,122,8350610
2508,750123,75,123,7065813
2509,750124,75,124,5813231
2510,750125,75,125,4671902
2511,750126,75,126,3776469
2512,750127,75,127,3031495
2513,750128,75,128,2437488
2514,750129,75,129,1981917
2515,750130,75,130,1570647
2516,750131,75,131,1245184
2517,750132,75,132,996162
2518,750133,75,133,779282
2519,750134,75,134,615367
2520,750135,75,135,476899
2521,750136,75,136,368537
2522,750137,75,137,282254
2523,750138,75,138,212819
2524,750139,75,139,159505
2525,750140,75,140,117391
2526,750141,75,141,84362
2527,750142,75,142,59741
2528,750143,75,143,41368
2529,750144,75,144,27865
2530,750145,75,145,18015
2531,750146,75,146,11090
2532,750147,75,147,6718
2533,750148,75,148,3795
2534,750149,75,149,2004
2535,750150,75,150,884
2536,750151,75,151,411
2537,750152,75,152,183
2538,750153,75,153,50
2539,750154,75,154,16
2746,750155,75,155,3
2747,750157,75,157,1
2540,760117,76,117,18910115
2541,760118,76,118,18066080
2542,760119,76,119,15391470
2543,760120,76,120,12446619
2544,760121,76,121,10434910
2545,760122,76,122,8340551
2546,760123,76,123,7056305
2547,760124,76,124,5810821
2548,760125,76,125,4672687
2549,760126,76,126,3780838
2550,760127,76,127,3035999
2551,760128,76,128,2443964
2552,760129,76,129,1989376
2553,760130,76,130,1576962
2554,760131,76,131,1253595
2555,760132,76,132,1002341
2556,760133,76,133,785626
2557,760134,76,134,621330
2558,760135,76,135,482208
2559,760136,76,136,373096
2560,760137,76,137,285788
2561,760138,76,138,216603
2562,760139,76,139,162753
2563,760140,76,140,119802
2564,760141,76,141,86798
2565,760142,76,142,61485
2566,760143,76,143,42603
2567,760144,76,144,28961
2568,760145,76,145,18805
2569,760146,76,146,11718
2570,760147,76,147,7079
2571,760148,76,148,4065
2572,760149,76,149,2155
2573,760150,76,150,973
2574,760151,76,151,445
2575,760152,76,152,213
2576,760153,76,153,62
2577,760154,76,154,18
2578,760155,76,155,5
2787,760157,76,157,1
2579,770117,77,117,18869089
2580,770118,77,118,17995273
2581,770119,77,119,15340094
2582,770120,77,120,12400300
2583,770121,77,121,10409643
2584,770122,77,122,8324410
2585,770123,77,123,7045133
2586,770124,77,124,5807131
2587,770125,77,125,4673492
2588,770126,77,126,3784429
2589,770127,77,127,3044170
2590,770128,77,128,2452104
2591,770129,77,129,1999221
2592,770130,77,130,1586902
2593,770131,77,131,1263263
2594,770132,77,132,1013243
2595,770133,77,133,795262
2596,770134,77,134,629881
2597,770135,77,135,490699
2598,770136,77,136,380115
2599,770137,77,137,292531
2600,770138,77,138,222350
2601,770139,77,139,167660
2602,770140,77,140,124076
2603,770141,77,141,90375
2604,770142,77,142,64248
2605,770143,77,143,44856
2606,770144,77,144,30902
2607,770145,77,145,20156
2608,770146,77,146,12698
2609,770147,77,147,7766
2610,770148,77,148,4437
2611,770149,77,149,2445
2612,770150,77,150,1166
2613,770151,77,151,519
2614,770152,77,152,250
2615,770153,77,153,81
2748,770154,77,154,18
2616,770155,77,155,8
2831,770157,77,157,1
2617,780117,78,117,18796232
2618,780118,78,118,17928249
2619,780119,78,119,15282200
2620,780120,78,120,12354026
2621,780121,78,121,10374695
2622,780122,78,122,8300987
2623,780123,78,123,7031049
2624,780124,78,124,5793878
2625,780125,78,125,4668991
2626,780126,78,126,3780830
2627,780127,78,127,3044530
2628,780128,78,128,2453490
2629,780129,78,129,2001307
2630,780130,78,130,1589930
2631,780131,78,131,1267230
2632,780132,78,132,1016040
2633,780133,78,133,798589
2634,780134,78,134,633086
2635,780135,78,135,493986
2636,780136,78,136,382982
2637,780137,78,137,295838
2638,780138,78,138,224573
2639,780139,78,139,169643
2640,780140,78,140,125825
2641,780141,78,141,91848
2642,780142,78,142,65640
2643,780143,78,143,45721
2644,780144,78,144,31783
2645,780145,78,145,20718
2646,780146,78,146,13146
2647,780147,78,147,8127
2648,780148,78,148,4637
2649,780149,78,149,2563
2650,780150,78,150,1235
2651,780151,78,151,567
2652,780152,78,152,264
2653,780153,78,153,93
2654,780154,78,154,23
2749,780155,78,155,11
2788,780157,78,157,1
2655,790117,79,117,18555463
2656,790118,79,118,17741300
2657,790119,79,119,15133448
2658,790120,79,120,12243592
2659,790121,79,121,10290916
2660,790122,79,122,8235770
2661,790123,79,123,6989700
2662,790124,79,124,5766324
2663,790125,79,125,4652786
2664,790126,79,126,3771733
2665,790127,79,127,3041088
2666,790128,79,128,2452771
2667,790129,79,129,2002533
2668,790130,79,130,1594111
2669,790131,79,131,1271475
2670,790132,79,132,1022266
2671,790133,79,133,804328
2672,790134,79,134,638493
2673,790135,79,135,499557
2674,790136,79,136,388436
2675,790137,79,137,300667
2676,790138,79,138,228920
2677,790139,79,139,173387
2678,790140,79,140,129196
2679,790141,79,141,94800
2680,790142,79,142,68277
2681,790143,79,143,47437
2682,790144,79,144,33407
2683,790145,79,145,21836
2684,790146,79,146,14128
2685,790147,79,147,8738
2686,790148,79,148,5053
2687,790149,79,149,2800
2688,790150,79,150,1392
2689,790151,79,151,651
2690,790152,79,152,296
2691,790153,79,153,112
2692,790154,79,154,31
2693,790155,79,155,13
2846,790156,79,156,1
2694,790157,79,157,1
